untagged_sentence,tagged_sentence
"['The', 'jury', 'further', 'said', 'in', 'term-end', 'presentments', 'that', 'the', 'City', 'Executive', 'Committee', ',', 'which', 'had', 'over-all', 'charge', 'of', 'the', 'election', ',', '``', 'deserves', 'the', 'praise', 'and', 'thanks', 'of', 'the', 'City', 'of', 'Atlanta', ""''"", 'for', 'the', 'manner', 'in', 'which', 'the', 'election', 'was', 'conducted', '.']","[('The', 'AT'), ('jury', 'NN'), ('further', 'RB'), ('said', 'VB'), ('in', 'IN'), ('term-end', 'NN'), ('presentments', 'NN'), ('that', 'CS'), ('the', 'AT'), ('City', 'NN'), ('Executive', 'JJ'), ('Committee', 'NN'), (',', ','), ('which', 'WD'), ('had', 'HV'), ('over-all', 'JJ'), ('charge', 'NN'), ('of', 'IN'), ('the', 'AT'), ('election', 'NN'), (',', ','), ('``', '``'), ('deserves', 'VB'), ('the', 'AT'), ('praise', 'NN'), ('and', 'CC'), ('thanks', 'NN'), ('of', 'IN'), ('the', 'AT'), ('City', 'NN'), ('of', 'IN'), ('Atlanta', 'NP'), (""''"", ""''""), ('for', 'IN'), ('the', 'AT'), ('manner', 'NN'), ('in', 'IN'), ('which', 'WD'), ('the', 'AT'), ('election', 'NN'), ('was', 'BE'), ('conducted', 'VB'), ('.', '.')]"
"['The', 'September-October', 'term', 'jury', 'had', 'been', 'charged', 'by', 'Fulton', 'Superior', 'Court', 'Judge', 'Durwood', 'Pye', 'to', 'investigate', 'reports', 'of', 'possible', '``', 'irregularities', ""''"", 'in', 'the', 'hard-fought', 'primary', 'which', 'was', 'won', 'by', 'Mayor-nominate', 'Ivan', 'Allen', 'Jr.', '.']","[('The', 'AT'), ('September-October', 'NP'), ('term', 'NN'), ('jury', 'NN'), ('had', 'HV'), ('been', 'BE'), ('charged', 'VB'), ('by', 'IN'), ('Fulton', 'NP'), ('Superior', 'JJ'), ('Court', 'NN'), ('Judge', 'NN'), ('Durwood', 'NP'), ('Pye', 'NP'), ('to', 'TO'), ('investigate', 'VB'), ('reports', 'NN'), ('of', 'IN'), ('possible', 'JJ'), ('``', '``'), ('irregularities', 'NN'), (""''"", ""''""), ('in', 'IN'), ('the', 'AT'), ('hard-fought', 'JJ'), ('primary', 'NN'), ('which', 'WD'), ('was', 'BE'), ('won', 'VB'), ('by', 'IN'), ('Mayor-nominate', 'NN'), ('Ivan', 'NP'), ('Allen', 'NP'), ('Jr.', 'NP'), ('.', '.')]"
"['``', 'Only', 'a', 'relative', 'handful', 'of', 'such', 'reports', 'was', 'received', ""''"", ',', 'the', 'jury', 'said', ',', '``', 'considering', 'the', 'widespread', 'interest', 'in', 'the', 'election', ',', 'the', 'number', 'of', 'voters', 'and', 'the', 'size', 'of', 'this', 'city', ""''"", '.']","[('``', '``'), ('Only', 'RB'), ('a', 'AT'), ('relative', 'JJ'), ('handful', 'NN'), ('of', 'IN'), ('such', 'JJ'), ('reports', 'NN'), ('was', 'BE'), ('received', 'VB'), (""''"", ""''""), (',', ','), ('the', 'AT'), ('jury', 'NN'), ('said', 'VB'), (',', ','), ('``', '``'), ('considering', 'IN'), ('the', 'AT'), ('widespread', 'JJ'), ('interest', 'NN'), ('in', 'IN'), ('the', 'AT'), ('election', 'NN'), (',', ','), ('the', 'AT'), ('number', 'NN'), ('of', 'IN'), ('voters', 'NN'), ('and', 'CC'), ('the', 'AT'), ('size', 'NN'), ('of', 'IN'), ('this', 'DT'), ('city', 'NN'), (""''"", ""''""), ('.', '.')]"
"['The', 'jury', 'said', 'it', 'did', 'find', 'that', 'many', 'of', ""Georgia's"", 'registration', 'and', 'election', 'laws', '``', 'are', 'outmoded', 'or', 'inadequate', 'and', 'often', 'ambiguous', ""''"", '.']","[('The', 'AT'), ('jury', 'NN'), ('said', 'VB'), ('it', 'PP'), ('did', 'DO'), ('find', 'VB'), ('that', 'CS'), ('many', 'AP'), ('of', 'IN'), (""Georgia's"", 'NP'), ('registration', 'NN'), ('and', 'CC'), ('election', 'NN'), ('laws', 'NN'), ('``', '``'), ('are', 'BE'), ('outmoded', 'JJ'), ('or', 'CC'), ('inadequate', 'JJ'), ('and', 'CC'), ('often', 'RB'), ('ambiguous', 'JJ'), (""''"", ""''""), ('.', '.')]"
"['It', 'recommended', 'that', 'Fulton', 'legislators', 'act', '``', 'to', 'have', 'these', 'laws', 'studied', 'and', 'revised', 'to', 'the', 'end', 'of', 'modernizing', 'and', 'improving', 'them', ""''"", '.']","[('It', 'PP'), ('recommended', 'VB'), ('that', 'CS'), ('Fulton', 'NP'), ('legislators', 'NN'), ('act', 'VB'), ('``', '``'), ('to', 'TO'), ('have', 'HV'), ('these', 'DT'), ('laws', 'NN'), ('studied', 'VB'), ('and', 'CC'), ('revised', 'VB'), ('to', 'IN'), ('the', 'AT'), ('end', 'NN'), ('of', 'IN'), ('modernizing', 'VB'), ('and', 'CC'), ('improving', 'VB'), ('them', 'PP'), (""''"", ""''""), ('.', '.')]"
"['The', 'grand', 'jury', 'commented', 'on', 'a', 'number', 'of', 'other', 'topics', ',', 'among', 'them', 'the', 'Atlanta', 'and', 'Fulton', 'County', 'purchasing', 'departments', 'which', 'it', 'said', '``', 'are', 'well', 'operated', 'and', 'follow', 'generally', 'accepted', 'practices', 'which', 'inure', 'to', 'the', 'best', 'interest', 'of', 'both', 'governments', ""''"", '.']","[('The', 'AT'), ('grand', 'JJ'), ('jury', 'NN'), ('commented', 'VB'), ('on', 'IN'), ('a', 'AT'), ('number', 'NN'), ('of', 'IN'), ('other', 'AP'), ('topics', 'NN'), (',', ','), ('among', 'IN'), ('them', 'PP'), ('the', 'AT'), ('Atlanta', 'NP'), ('and', 'CC'), ('Fulton', 'NP'), ('County', 'NN'), ('purchasing', 'VB'), ('departments', 'NN'), ('which', 'WD'), ('it', 'PP'), ('said', 'VB'), ('``', '``'), ('are', 'BE'), ('well', 'QL'), ('operated', 'VB'), ('and', 'CC'), ('follow', 'VB'), ('generally', 'RB'), ('accepted', 'VB'), ('practices', 'NN'), ('which', 'WD'), ('inure', 'VB'), ('to', 'IN'), ('the', 'AT'), ('best', 'JJ'), ('interest', 'NN'), ('of', 'IN'), ('both', 'AB'), ('governments', 'NN'), (""''"", ""''""), ('.', '.')]"
"['Merger', 'proposed']","[('Merger', 'NN'), ('proposed', 'VB')]"
"['However', ',', 'the', 'jury', 'said', 'it', 'believes', '``', 'these', 'two', 'offices', 'should', 'be', 'combined', 'to', 'achieve', 'greater', 'efficiency', 'and', 'reduce', 'the', 'cost', 'of', 'administration', ""''"", '.']","[('However', 'WR'), (',', ','), ('the', 'AT'), ('jury', 'NN'), ('said', 'VB'), ('it', 'PP'), ('believes', 'VB'), ('``', '``'), ('these', 'DT'), ('two', 'CD'), ('offices', 'NN'), ('should', 'MD'), ('be', 'BE'), ('combined', 'VB'), ('to', 'TO'), ('achieve', 'VB'), ('greater', 'JJ'), ('efficiency', 'NN'), ('and', 'CC'), ('reduce', 'VB'), ('the', 'AT'), ('cost', 'NN'), ('of', 'IN'), ('administration', 'NN'), (""''"", ""''""), ('.', '.')]"
"['The', 'City', 'Purchasing', 'Department', ',', 'the', 'jury', 'said', ',', '``', 'is', 'lacking', 'in', 'experienced', 'clerical', 'personnel', 'as', 'a', 'result', 'of', 'city', 'personnel', 'policies', ""''"", '.']","[('The', 'AT'), ('City', 'NN'), ('Purchasing', 'VB'), ('Department', 'NN'), (',', ','), ('the', 'AT'), ('jury', 'NN'), ('said', 'VB'), (',', ','), ('``', '``'), ('is', 'BE'), ('lacking', 'VB'), ('in', 'IN'), ('experienced', 'VB'), ('clerical', 'JJ'), ('personnel', 'NN'), ('as', 'CS'), ('a', 'AT'), ('result', 'NN'), ('of', 'IN'), ('city', 'NN'), ('personnel', 'NN'), ('policies', 'NN'), (""''"", ""''""), ('.', '.')]"
"['It', 'urged', 'that', 'the', 'city', '``', 'take', 'steps', 'to', 'remedy', ""''"", 'this', 'problem', '.']","[('It', 'PP'), ('urged', 'VB'), ('that', 'CS'), ('the', 'AT'), ('city', 'NN'), ('``', '``'), ('take', 'VB'), ('steps', 'NN'), ('to', 'TO'), ('remedy', 'VB'), (""''"", ""''""), ('this', 'DT'), ('problem', 'NN'), ('.', '.')]"
"['Implementation', 'of', ""Georgia's"", 'automobile', 'title', 'law', 'was', 'also', 'recommended', 'by', 'the', 'outgoing', 'jury', '.']","[('Implementation', 'NN'), ('of', 'IN'), (""Georgia's"", 'NP'), ('automobile', 'NN'), ('title', 'NN'), ('law', 'NN'), ('was', 'BE'), ('also', 'RB'), ('recommended', 'VB'), ('by', 'IN'), ('the', 'AT'), ('outgoing', 'JJ'), ('jury', 'NN'), ('.', '.')]"
"['It', 'urged', 'that', 'the', 'next', 'Legislature', '``', 'provide', 'enabling', 'funds', 'and', 're-set', 'the', 'effective', 'date', 'so', 'that', 'an', 'orderly', 'implementation', 'of', 'the', 'law', 'may', 'be', 'effected', ""''"", '.']","[('It', 'PP'), ('urged', 'VB'), ('that', 'CS'), ('the', 'AT'), ('next', 'AP'), ('Legislature', 'NN'), ('``', '``'), ('provide', 'VB'), ('enabling', 'VB'), ('funds', 'NN'), ('and', 'CC'), ('re-set', 'VB'), ('the', 'AT'), ('effective', 'JJ'), ('date', 'NN'), ('so', 'CS'), ('that', 'CS'), ('an', 'AT'), ('orderly', 'JJ'), ('implementation', 'NN'), ('of', 'IN'), ('the', 'AT'), ('law', 'NN'), ('may', 'MD'), ('be', 'BE'), ('effected', 'VB'), (""''"", ""''""), ('.', '.')]"
"['The', 'grand', 'jury', 'took', 'a', 'swipe', 'at', 'the', 'State', 'Welfare', ""Department's"", 'handling', 'of', 'federal', 'funds', 'granted', 'for', 'child', 'welfare', 'services', 'in', 'foster', 'homes', '.']","[('The', 'AT'), ('grand', 'JJ'), ('jury', 'NN'), ('took', 'VB'), ('a', 'AT'), ('swipe', 'NN'), ('at', 'IN'), ('the', 'AT'), ('State', 'NN'), ('Welfare', 'NN'), (""Department's"", 'NN'), ('handling', 'NN'), ('of', 'IN'), ('federal', 'JJ'), ('funds', 'NN'), ('granted', 'VB'), ('for', 'IN'), ('child', 'NN'), ('welfare', 'NN'), ('services', 'NN'), ('in', 'IN'), ('foster', 'JJ'), ('homes', 'NN'), ('.', '.')]"
"['``', 'This', 'is', 'one', 'of', 'the', 'major', 'items', 'in', 'the', 'Fulton', 'County', 'general', 'assistance', 'program', ""''"", ',', 'the', 'jury', 'said', ',', 'but', 'the', 'State', 'Welfare', 'Department', '``', 'has', 'seen', 'fit', 'to', 'distribute', 'these', 'funds', 'through', 'the', 'welfare', 'departments', 'of', 'all', 'the', 'counties', 'in', 'the', 'state', 'with', 'the', 'exception', 'of', 'Fulton', 'County', ',', 'which', 'receives', 'none', 'of', 'this', 'money', '.']","[('``', '``'), ('This', 'DT'), ('is', 'BE'), ('one', 'CD'), ('of', 'IN'), ('the', 'AT'), ('major', 'JJ'), ('items', 'NN'), ('in', 'IN'), ('the', 'AT'), ('Fulton', 'NP'), ('County', 'NN'), ('general', 'JJ'), ('assistance', 'NN'), ('program', 'NN'), (""''"", ""''""), (',', ','), ('the', 'AT'), ('jury', 'NN'), ('said', 'VB'), (',', ','), ('but', 'CC'), ('the', 'AT'), ('State', 'NN'), ('Welfare', 'NN'), ('Department', 'NN'), ('``', '``'), ('has', 'HV'), ('seen', 'VB'), ('fit', 'JJ'), ('to', 'TO'), ('distribute', 'VB'), ('these', 'DT'), ('funds', 'NN'), ('through', 'IN'), ('the', 'AT'), ('welfare', 'NN'), ('departments', 'NN'), ('of', 'IN'), ('all', 'AB'), ('the', 'AT'), ('counties', 'NN'), ('in', 'IN'), ('the', 'AT'), ('state', 'NN'), ('with', 'IN'), ('the', 'AT'), ('exception', 'NN'), ('of', 'IN'), ('Fulton', 'NP'), ('County', 'NN'), (',', ','), ('which', 'WD'), ('receives', 'VB'), ('none', 'PN'), ('of', 'IN'), ('this', 'DT'), ('money', 'NN'), ('.', '.')]"
"['Nevertheless', ',', '``', 'we', 'feel', 'that', 'in', 'the', 'future', 'Fulton', 'County', 'should', 'receive', 'some', 'portion', 'of', 'these', 'available', 'funds', ""''"", ',', 'the', 'jurors', 'said', '.']","[('Nevertheless', 'RB'), (',', ','), ('``', '``'), ('we', 'PP'), ('feel', 'VB'), ('that', 'CS'), ('in', 'IN'), ('the', 'AT'), ('future', 'NN'), ('Fulton', 'NP'), ('County', 'NN'), ('should', 'MD'), ('receive', 'VB'), ('some', 'DT'), ('portion', 'NN'), ('of', 'IN'), ('these', 'DT'), ('available', 'JJ'), ('funds', 'NN'), (""''"", ""''""), (',', ','), ('the', 'AT'), ('jurors', 'NN'), ('said', 'VB'), ('.', '.')]"
"['``', 'Failure', 'to', 'do', 'this', 'will', 'continue', 'to', 'place', 'a', 'disproportionate', 'burden', ""''"", 'on', 'Fulton', 'taxpayers', '.']","[('``', '``'), ('Failure', 'NN'), ('to', 'TO'), ('do', 'DO'), ('this', 'DT'), ('will', 'MD'), ('continue', 'VB'), ('to', 'TO'), ('place', 'VB'), ('a', 'AT'), ('disproportionate', 'JJ'), ('burden', 'NN'), (""''"", ""''""), ('on', 'IN'), ('Fulton', 'NP'), ('taxpayers', 'NN'), ('.', '.')]"
"['Wards', 'protected']","[('Wards', 'NN'), ('protected', 'VB')]"
"['The', 'jury', 'said', 'it', 'found', 'the', 'court', '``', 'has', 'incorporated', 'into', 'its', 'operating', 'procedures', 'the', 'recommendations', ""''"", 'of', 'two', 'previous', 'grand', 'juries', ',', 'the', 'Atlanta', 'Bar', 'Association', 'and', 'an', 'interim', 'citizens', 'committee', '.']","[('The', 'AT'), ('jury', 'NN'), ('said', 'VB'), ('it', 'PP'), ('found', 'VB'), ('the', 'AT'), ('court', 'NN'), ('``', '``'), ('has', 'HV'), ('incorporated', 'VB'), ('into', 'IN'), ('its', 'PP'), ('operating', 'VB'), ('procedures', 'NN'), ('the', 'AT'), ('recommendations', 'NN'), (""''"", ""''""), ('of', 'IN'), ('two', 'CD'), ('previous', 'JJ'), ('grand', 'JJ'), ('juries', 'NN'), (',', ','), ('the', 'AT'), ('Atlanta', 'NP'), ('Bar', 'NN'), ('Association', 'NN'), ('and', 'CC'), ('an', 'AT'), ('interim', 'NN'), ('citizens', 'NN'), ('committee', 'NN'), ('.', '.')]"
"['``', 'These', 'actions', 'should', 'serve', 'to', 'protect', 'in', 'fact', 'and', 'in', 'effect', 'the', ""court's"", 'wards', 'from', 'undue', 'costs', 'and', 'its', 'appointed', 'and', 'elected', 'servants', 'from', 'unmeritorious', 'criticisms', ""''"", ',', 'the', 'jury', 'said', '.']","[('``', '``'), ('These', 'DT'), ('actions', 'NN'), ('should', 'MD'), ('serve', 'VB'), ('to', 'TO'), ('protect', 'VB'), ('in', 'IN'), ('fact', 'NN'), ('and', 'CC'), ('in', 'IN'), ('effect', 'NN'), ('the', 'AT'), (""court's"", 'NN'), ('wards', 'NN'), ('from', 'IN'), ('undue', 'JJ'), ('costs', 'NN'), ('and', 'CC'), ('its', 'PP'), ('appointed', 'VB'), ('and', 'CC'), ('elected', 'VB'), ('servants', 'NN'), ('from', 'IN'), ('unmeritorious', 'JJ'), ('criticisms', 'NN'), (""''"", ""''""), (',', ','), ('the', 'AT'), ('jury', 'NN'), ('said', 'VB'), ('.', '.')]"
"['Regarding', ""Atlanta's"", 'new', 'multi-million-dollar', 'airport', ',', 'the', 'jury', 'recommended', '``', 'that', 'when', 'the', 'new', 'management', 'takes', 'charge', 'Jan.', '1', 'the', 'airport', 'be', 'operated', 'in', 'a', 'manner', 'that', 'will', 'eliminate', 'political', 'influences', ""''"", '.']","[('Regarding', 'IN'), (""Atlanta's"", 'NP'), ('new', 'JJ'), ('multi-million-dollar', 'JJ'), ('airport', 'NN'), (',', ','), ('the', 'AT'), ('jury', 'NN'), ('recommended', 'VB'), ('``', '``'), ('that', 'CS'), ('when', 'WR'), ('the', 'AT'), ('new', 'JJ'), ('management', 'NN'), ('takes', 'VB'), ('charge', 'NN'), ('Jan.', 'NP'), ('1', 'CD'), ('the', 'AT'), ('airport', 'NN'), ('be', 'BE'), ('operated', 'VB'), ('in', 'IN'), ('a', 'AT'), ('manner', 'NN'), ('that', 'WP'), ('will', 'MD'), ('eliminate', 'VB'), ('political', 'JJ'), ('influences', 'NN'), (""''"", ""''""), ('.', '.')]"
"['The', 'jury', 'did', 'not', 'elaborate', ',', 'but', 'it', 'added', 'that', '``', 'there', 'should', 'be', 'periodic', 'surveillance', 'of', 'the', 'pricing', 'practices', 'of', 'the', 'concessionaires', 'for', 'the', 'purpose', 'of', 'keeping', 'the', 'prices', 'reasonable', ""''"", '.']","[('The', 'AT'), ('jury', 'NN'), ('did', 'DO'), ('not', '*'), ('elaborate', 'VB'), (',', ','), ('but', 'CC'), ('it', 'PP'), ('added', 'VB'), ('that', 'CS'), ('``', '``'), ('there', 'EX'), ('should', 'MD'), ('be', 'BE'), ('periodic', 'JJ'), ('surveillance', 'NN'), ('of', 'IN'), ('the', 'AT'), ('pricing', 'VB'), ('practices', 'NN'), ('of', 'IN'), ('the', 'AT'), ('concessionaires', 'NN'), ('for', 'IN'), ('the', 'AT'), ('purpose', 'NN'), ('of', 'IN'), ('keeping', 'VB'), ('the', 'AT'), ('prices', 'NN'), ('reasonable', 'JJ'), (""''"", ""''""), ('.', '.')]"
"['Ask', 'jail', 'deputies']","[('Ask', 'VB'), ('jail', 'NN'), ('deputies', 'NN')]"
"['On', 'other', 'matters', ',', 'the', 'jury', 'recommended', 'that', ':', '(', '1', ')']","[('On', 'IN'), ('other', 'AP'), ('matters', 'NN'), (',', ','), ('the', 'AT'), ('jury', 'NN'), ('recommended', 'VB'), ('that', 'CS'), (':', ':'), ('(', '('), ('1', 'CD'), (')', ')')]"
"['Four', 'additional', 'deputies', 'be', 'employed', 'at', 'the', 'Fulton', 'County', 'Jail', 'and', '``', 'a', 'doctor', ',', 'medical', 'intern', 'or', 'extern', 'be', 'employed', 'for', 'night', 'and', 'weekend', 'duty', 'at', 'the', 'jail', ""''"", '.']","[('Four', 'CD'), ('additional', 'JJ'), ('deputies', 'NN'), ('be', 'BE'), ('employed', 'VB'), ('at', 'IN'), ('the', 'AT'), ('Fulton', 'NP'), ('County', 'NN'), ('Jail', 'NN'), ('and', 'CC'), ('``', '``'), ('a', 'AT'), ('doctor', 'NN'), (',', ','), ('medical', 'JJ'), ('intern', 'NN'), ('or', 'CC'), ('extern', 'NN'), ('be', 'BE'), ('employed', 'VB'), ('for', 'IN'), ('night', 'NN'), ('and', 'CC'), ('weekend', 'NN'), ('duty', 'NN'), ('at', 'IN'), ('the', 'AT'), ('jail', 'NN'), (""''"", ""''""), ('.', '.')]"
"['(', '2', ')']","[('(', '('), ('2', 'CD'), (')', ')')]"
"['Fulton', 'legislators', '``', 'work', 'with', 'city', 'officials', 'to', 'pass', 'enabling', 'legislation', 'that', 'will', 'permit', 'the', 'establishment', 'of', 'a', 'fair', 'and', 'equitable', ""''"", 'pension', 'plan', 'for', 'city', 'employes', '.']","[('Fulton', 'NP'), ('legislators', 'NN'), ('``', '``'), ('work', 'VB'), ('with', 'IN'), ('city', 'NN'), ('officials', 'NN'), ('to', 'TO'), ('pass', 'VB'), ('enabling', 'VB'), ('legislation', 'NN'), ('that', 'WP'), ('will', 'MD'), ('permit', 'VB'), ('the', 'AT'), ('establishment', 'NN'), ('of', 'IN'), ('a', 'AT'), ('fair', 'JJ'), ('and', 'CC'), ('equitable', 'JJ'), (""''"", ""''""), ('pension', 'NN'), ('plan', 'NN'), ('for', 'IN'), ('city', 'NN'), ('employes', 'NN'), ('.', '.')]"
"['The', 'jury', 'praised', 'the', 'administration', 'and', 'operation', 'of', 'the', 'Atlanta', 'Police', 'Department', ',', 'the', 'Fulton', 'Tax', ""Commissioner's"", 'Office', ',', 'the', 'Bellwood', 'and', 'Alpharetta', 'prison', 'farms', ',', 'Grady', 'Hospital', 'and', 'the', 'Fulton', 'Health', 'Department', '.']","[('The', 'AT'), ('jury', 'NN'), ('praised', 'VB'), ('the', 'AT'), ('administration', 'NN'), ('and', 'CC'), ('operation', 'NN'), ('of', 'IN'), ('the', 'AT'), ('Atlanta', 'NP'), ('Police', 'NN'), ('Department', 'NN'), (',', ','), ('the', 'AT'), ('Fulton', 'NP'), ('Tax', 'NN'), (""Commissioner's"", 'NN'), ('Office', 'NN'), (',', ','), ('the', 'AT'), ('Bellwood', 'NP'), ('and', 'CC'), ('Alpharetta', 'NP'), ('prison', 'NN'), ('farms', 'NN'), (',', ','), ('Grady', 'NP'), ('Hospital', 'NN'), ('and', 'CC'), ('the', 'AT'), ('Fulton', 'NP'), ('Health', 'NN'), ('Department', 'NN'), ('.', '.')]"
"['Mayor', 'William', 'B.', 'Hartsfield', 'filed', 'suit', 'for', 'divorce', 'from', 'his', 'wife', ',', 'Pearl', 'Williams', 'Hartsfield', ',', 'in', 'Fulton', 'Superior', 'Court', 'Friday', '.']","[('Mayor', 'NN'), ('William', 'NP'), ('B.', 'NP'), ('Hartsfield', 'NP'), ('filed', 'VB'), ('suit', 'NN'), ('for', 'IN'), ('divorce', 'NN'), ('from', 'IN'), ('his', 'PP'), ('wife', 'NN'), (',', ','), ('Pearl', 'NP'), ('Williams', 'NP'), ('Hartsfield', 'NP'), (',', ','), ('in', 'IN'), ('Fulton', 'NP'), ('Superior', 'JJ'), ('Court', 'NN'), ('Friday', 'NR'), ('.', '.')]"
"['His', 'petition', 'charged', 'mental', 'cruelty', '.']","[('His', 'PP'), ('petition', 'NN'), ('charged', 'VB'), ('mental', 'JJ'), ('cruelty', 'NN'), ('.', '.')]"
"['The', 'couple', 'was', 'married', 'Aug.', '2', ',', '1913', '.']","[('The', 'AT'), ('couple', 'NN'), ('was', 'BE'), ('married', 'VB'), ('Aug.', 'NP'), ('2', 'CD'), (',', ','), ('1913', 'CD'), ('.', '.')]"
"['They', 'have', 'a', 'son', ',', 'William', 'Berry', 'Jr.', ',', 'and', 'a', 'daughter', ',', 'Mrs.', 'J.', 'M.', 'Cheshire', 'of', 'Griffin', '.']","[('They', 'PP'), ('have', 'HV'), ('a', 'AT'), ('son', 'NN'), (',', ','), ('William', 'NP'), ('Berry', 'NP'), ('Jr.', 'NP'), (',', ','), ('and', 'CC'), ('a', 'AT'), ('daughter', 'NN'), (',', ','), ('Mrs.', 'NP'), ('J.', 'NP'), ('M.', 'NP'), ('Cheshire', 'NP'), ('of', 'IN'), ('Griffin', 'NP'), ('.', '.')]"
"['Attorneys', 'for', 'the', 'mayor', 'said', 'that', 'an', 'amicable', 'property', 'settlement', 'has', 'been', 'agreed', 'upon', '.']","[('Attorneys', 'NN'), ('for', 'IN'), ('the', 'AT'), ('mayor', 'NN'), ('said', 'VB'), ('that', 'CS'), ('an', 'AT'), ('amicable', 'JJ'), ('property', 'NN'), ('settlement', 'NN'), ('has', 'HV'), ('been', 'BE'), ('agreed', 'VB'), ('upon', 'RB'), ('.', '.')]"
"['The', 'petition', 'listed', 'the', ""mayor's"", 'occupation', 'as', '``', 'attorney', ""''"", 'and', 'his', 'age', 'as', '71', '.']","[('The', 'AT'), ('petition', 'NN'), ('listed', 'VB'), ('the', 'AT'), (""mayor's"", 'NN'), ('occupation', 'NN'), ('as', 'CS'), ('``', '``'), ('attorney', 'NN'), (""''"", ""''""), ('and', 'CC'), ('his', 'PP'), ('age', 'NN'), ('as', 'CS'), ('71', 'CD'), ('.', '.')]"
"['It', 'listed', 'his', ""wife's"", 'age', 'as', '74', 'and', 'place', 'of', 'birth', 'as', 'Opelika', ',', 'Ala.', '.']","[('It', 'PP'), ('listed', 'VB'), ('his', 'PP'), (""wife's"", 'NN'), ('age', 'NN'), ('as', 'CS'), ('74', 'CD'), ('and', 'CC'), ('place', 'NN'), ('of', 'IN'), ('birth', 'NN'), ('as', 'CS'), ('Opelika', 'NP'), (',', ','), ('Ala.', 'NP'), ('.', '.')]"
"['The', 'Hartsfield', 'home', 'is', 'at', '637', 'E.', 'Pelham', 'Rd.', 'Aj', '.']","[('The', 'AT'), ('Hartsfield', 'NP'), ('home', 'NR'), ('is', 'BE'), ('at', 'IN'), ('637', 'CD'), ('E.', 'NP'), ('Pelham', 'NP'), ('Rd.', 'NN'), ('Aj', 'NN'), ('.', '.')]"
"['Henry', 'L.', 'Bowden', 'was', 'listed', 'on', 'the', 'petition', 'as', 'the', ""mayor's"", 'attorney', '.']","[('Henry', 'NP'), ('L.', 'NP'), ('Bowden', 'NP'), ('was', 'BE'), ('listed', 'VB'), ('on', 'IN'), ('the', 'AT'), ('petition', 'NN'), ('as', 'CS'), ('the', 'AT'), (""mayor's"", 'NN'), ('attorney', 'NN'), ('.', '.')]"
"['His', 'political', 'career', 'goes', 'back', 'to', 'his', 'election', 'to', 'city', 'council', 'in', '1923', '.']","[('His', 'PP'), ('political', 'JJ'), ('career', 'NN'), ('goes', 'VB'), ('back', 'RB'), ('to', 'IN'), ('his', 'PP'), ('election', 'NN'), ('to', 'IN'), ('city', 'NN'), ('council', 'NN'), ('in', 'IN'), ('1923', 'CD'), ('.', '.')]"
"['He', 'will', 'be', 'succeeded', 'by', 'Ivan', 'Allen', 'Jr.', ',', 'who', 'became', 'a', 'candidate', 'in', 'the', 'Sept.', '13', 'primary', 'after', 'Mayor', 'Hartsfield', 'announced', 'that', 'he', 'would', 'not', 'run', 'for', 'reelection', '.']","[('He', 'PP'), ('will', 'MD'), ('be', 'BE'), ('succeeded', 'VB'), ('by', 'IN'), ('Ivan', 'NP'), ('Allen', 'NP'), ('Jr.', 'NP'), (',', ','), ('who', 'WP'), ('became', 'VB'), ('a', 'AT'), ('candidate', 'NN'), ('in', 'IN'), ('the', 'AT'), ('Sept.', 'NP'), ('13', 'CD'), ('primary', 'NN'), ('after', 'CS'), ('Mayor', 'NN'), ('Hartsfield', 'NP'), ('announced', 'VB'), ('that', 'CS'), ('he', 'PP'), ('would', 'MD'), ('not', '*'), ('run', 'VB'), ('for', 'IN'), ('reelection', 'NN'), ('.', '.')]"
"['Georgia', 'Republicans', 'are', 'getting', 'strong', 'encouragement', 'to', 'enter', 'a', 'candidate', 'in', 'the', '1962', ""governor's"", 'race', ',', 'a', 'top', 'official', 'said', 'Wednesday', '.']","[('Georgia', 'NP'), ('Republicans', 'NP'), ('are', 'BE'), ('getting', 'VB'), ('strong', 'JJ'), ('encouragement', 'NN'), ('to', 'TO'), ('enter', 'VB'), ('a', 'AT'), ('candidate', 'NN'), ('in', 'IN'), ('the', 'AT'), ('1962', 'CD'), (""governor's"", 'NN'), ('race', 'NN'), (',', ','), ('a', 'AT'), ('top', 'JJ'), ('official', 'NN'), ('said', 'VB'), ('Wednesday', 'NR'), ('.', '.')]"
"['Robert', 'Snodgrass', ',', 'state', 'GOP', 'chairman', ',', 'said', 'a', 'meeting', 'held', 'Tuesday', 'night', 'in', 'Blue', 'Ridge', 'brought', 'enthusiastic', 'responses', 'from', 'the', 'audience', '.']","[('Robert', 'NP'), ('Snodgrass', 'NP'), (',', ','), ('state', 'NN'), ('GOP', 'NN'), ('chairman', 'NN'), (',', ','), ('said', 'VB'), ('a', 'AT'), ('meeting', 'NN'), ('held', 'VB'), ('Tuesday', 'NR'), ('night', 'NN'), ('in', 'IN'), ('Blue', 'JJ'), ('Ridge', 'NN'), ('brought', 'VB'), ('enthusiastic', 'JJ'), ('responses', 'NN'), ('from', 'IN'), ('the', 'AT'), ('audience', 'NN'), ('.', '.')]"
"['State', 'Party', 'Chairman', 'James', 'W.', 'Dorsey', 'added', 'that', 'enthusiasm', 'was', 'picking', 'up', 'for', 'a', 'state', 'rally', 'to', 'be', 'held', 'Sept.', '8', 'in', 'Savannah', 'at', 'which', 'newly', 'elected', 'Texas', 'Sen.', 'John', 'Tower', 'will', 'be', 'the', 'featured', 'speaker', '.']","[('State', 'NN'), ('Party', 'NN'), ('Chairman', 'NN'), ('James', 'NP'), ('W.', 'NP'), ('Dorsey', 'NP'), ('added', 'VB'), ('that', 'CS'), ('enthusiasm', 'NN'), ('was', 'BE'), ('picking', 'VB'), ('up', 'RP'), ('for', 'IN'), ('a', 'AT'), ('state', 'NN'), ('rally', 'NN'), ('to', 'TO'), ('be', 'BE'), ('held', 'VB'), ('Sept.', 'NP'), ('8', 'CD'), ('in', 'IN'), ('Savannah', 'NP'), ('at', 'IN'), ('which', 'WD'), ('newly', 'RB'), ('elected', 'VB'), ('Texas', 'NP'), ('Sen.', 'NN'), ('John', 'NP'), ('Tower', 'NP'), ('will', 'MD'), ('be', 'BE'), ('the', 'AT'), ('featured', 'VB'), ('speaker', 'NN'), ('.', '.')]"
"['In', 'the', 'Blue', 'Ridge', 'meeting', ',', 'the', 'audience', 'was', 'warned', 'that', 'entering', 'a', 'candidate', 'for', 'governor', 'would', 'force', 'it', 'to', 'take', 'petitions', 'out', 'into', 'voting', 'precincts', 'to', 'obtain', 'the', 'signatures', 'of', 'registered', 'voters', '.']","[('In', 'IN'), ('the', 'AT'), ('Blue', 'JJ'), ('Ridge', 'NN'), ('meeting', 'NN'), (',', ','), ('the', 'AT'), ('audience', 'NN'), ('was', 'BE'), ('warned', 'VB'), ('that', 'CS'), ('entering', 'VB'), ('a', 'AT'), ('candidate', 'NN'), ('for', 'IN'), ('governor', 'NN'), ('would', 'MD'), ('force', 'VB'), ('it', 'PP'), ('to', 'TO'), ('take', 'VB'), ('petitions', 'NN'), ('out', 'RP'), ('into', 'IN'), ('voting', 'VB'), ('precincts', 'NN'), ('to', 'TO'), ('obtain', 'VB'), ('the', 'AT'), ('signatures', 'NN'), ('of', 'IN'), ('registered', 'VB'), ('voters', 'NN'), ('.', '.')]"
"['Despite', 'the', 'warning', ',', 'there', 'was', 'a', 'unanimous', 'vote', 'to', 'enter', 'a', 'candidate', ',', 'according', 'to', 'Republicans', 'who', 'attended', '.']","[('Despite', 'IN'), ('the', 'AT'), ('warning', 'VB'), (',', ','), ('there', 'EX'), ('was', 'BE'), ('a', 'AT'), ('unanimous', 'JJ'), ('vote', 'NN'), ('to', 'TO'), ('enter', 'VB'), ('a', 'AT'), ('candidate', 'NN'), (',', ','), ('according', 'IN'), ('to', 'IN'), ('Republicans', 'NP'), ('who', 'WP'), ('attended', 'VB'), ('.', '.')]"
"['When', 'the', 'crowd', 'was', 'asked', 'whether', 'it', 'wanted', 'to', 'wait', 'one', 'more', 'term', 'to', 'make', 'the', 'race', ',', 'it', 'voted', 'no', '--', 'and', 'there', 'were', 'no', 'dissents', '.']","[('When', 'WR'), ('the', 'AT'), ('crowd', 'NN'), ('was', 'BE'), ('asked', 'VB'), ('whether', 'CS'), ('it', 'PP'), ('wanted', 'VB'), ('to', 'TO'), ('wait', 'VB'), ('one', 'CD'), ('more', 'AP'), ('term', 'NN'), ('to', 'TO'), ('make', 'VB'), ('the', 'AT'), ('race', 'NN'), (',', ','), ('it', 'PP'), ('voted', 'VB'), ('no', 'RB'), ('--', '--'), ('and', 'CC'), ('there', 'EX'), ('were', 'BE'), ('no', 'AT'), ('dissents', 'NN'), ('.', '.')]"
"['The', 'largest', 'hurdle', 'the', 'Republicans', 'would', 'have', 'to', 'face', 'is', 'a', 'state', 'law', 'which', 'says', 'that', 'before', 'making', 'a', 'first', 'race', ',', 'one', 'of', 'two', 'alternative', 'courses', 'must', 'be', 'taken', ':', '1']","[('The', 'AT'), ('largest', 'JJ'), ('hurdle', 'NN'), ('the', 'AT'), ('Republicans', 'NP'), ('would', 'MD'), ('have', 'HV'), ('to', 'TO'), ('face', 'VB'), ('is', 'BE'), ('a', 'AT'), ('state', 'NN'), ('law', 'NN'), ('which', 'WD'), ('says', 'VB'), ('that', 'CS'), ('before', 'CS'), ('making', 'VB'), ('a', 'AT'), ('first', 'OD'), ('race', 'NN'), (',', ','), ('one', 'CD'), ('of', 'IN'), ('two', 'CD'), ('alternative', 'JJ'), ('courses', 'NN'), ('must', 'MD'), ('be', 'BE'), ('taken', 'VB'), (':', ':'), ('1', 'CD')]"
"['Five', 'per', 'cent', 'of', 'the', 'voters', 'in', 'each', 'county', 'must', 'sign', 'petitions', 'requesting', 'that', 'the', 'Republicans', 'be', 'allowed', 'to', 'place', 'names', 'of', 'candidates', 'on', 'the', 'general', 'election', 'ballot', ',', 'or', '2']","[('Five', 'CD'), ('per', 'IN'), ('cent', 'NN'), ('of', 'IN'), ('the', 'AT'), ('voters', 'NN'), ('in', 'IN'), ('each', 'DT'), ('county', 'NN'), ('must', 'MD'), ('sign', 'VB'), ('petitions', 'NN'), ('requesting', 'VB'), ('that', 'CS'), ('the', 'AT'), ('Republicans', 'NP'), ('be', 'BE'), ('allowed', 'VB'), ('to', 'TO'), ('place', 'VB'), ('names', 'NN'), ('of', 'IN'), ('candidates', 'NN'), ('on', 'IN'), ('the', 'AT'), ('general', 'JJ'), ('election', 'NN'), ('ballot', 'NN'), (',', ','), ('or', 'CC'), ('2', 'CD')]"
"['The', 'Republicans', 'must', 'hold', 'a', 'primary', 'under', 'the', 'county', 'unit', 'system', '--', 'a', 'system', 'which', 'the', 'party', 'opposes', 'in', 'its', 'platform', '.']","[('The', 'AT'), ('Republicans', 'NP'), ('must', 'MD'), ('hold', 'VB'), ('a', 'AT'), ('primary', 'NN'), ('under', 'IN'), ('the', 'AT'), ('county', 'NN'), ('unit', 'NN'), ('system', 'NN'), ('--', '--'), ('a', 'AT'), ('system', 'NN'), ('which', 'WD'), ('the', 'AT'), ('party', 'NN'), ('opposes', 'VB'), ('in', 'IN'), ('its', 'PP'), ('platform', 'NN'), ('.', '.')]"
"['Sam', 'Caldwell', ',', 'State', 'Highway', 'Department', 'public', 'relations', 'director', ',', 'resigned', 'Tuesday', 'to', 'work', 'for', 'Lt.', 'Gov.', 'Garland', ""Byrd's"", 'campaign', '.']","[('Sam', 'NP'), ('Caldwell', 'NP'), (',', ','), ('State', 'NN'), ('Highway', 'NN'), ('Department', 'NN'), ('public', 'JJ'), ('relations', 'NN'), ('director', 'NN'), (',', ','), ('resigned', 'VB'), ('Tuesday', 'NR'), ('to', 'TO'), ('work', 'VB'), ('for', 'IN'), ('Lt.', 'NN'), ('Gov.', 'NN'), ('Garland', 'NP'), (""Byrd's"", 'NP'), ('campaign', 'NN'), ('.', '.')]"
"[""Caldwell's"", 'resignation', 'had', 'been', 'expected', 'for', 'some', 'time', '.']","[(""Caldwell's"", 'NP'), ('resignation', 'NN'), ('had', 'HV'), ('been', 'BE'), ('expected', 'VB'), ('for', 'IN'), ('some', 'DT'), ('time', 'NN'), ('.', '.')]"
"['He', 'will', 'be', 'succeeded', 'by', 'Rob', 'Ledford', 'of', 'Gainesville', ',', 'who', 'has', 'been', 'an', 'assistant', 'more', 'than', 'three', 'years', '.']","[('He', 'PP'), ('will', 'MD'), ('be', 'BE'), ('succeeded', 'VB'), ('by', 'IN'), ('Rob', 'NP'), ('Ledford', 'NP'), ('of', 'IN'), ('Gainesville', 'NP'), (',', ','), ('who', 'WP'), ('has', 'HV'), ('been', 'BE'), ('an', 'AT'), ('assistant', 'NN'), ('more', 'AP'), ('than', 'IN'), ('three', 'CD'), ('years', 'NN'), ('.', '.')]"
"['When', 'the', 'gubernatorial', 'campaign', 'starts', ',', 'Caldwell', 'is', 'expected', 'to', 'become', 'a', 'campaign', 'coordinator', 'for', 'Byrd', '.']","[('When', 'WR'), ('the', 'AT'), ('gubernatorial', 'JJ'), ('campaign', 'NN'), ('starts', 'VB'), (',', ','), ('Caldwell', 'NP'), ('is', 'BE'), ('expected', 'VB'), ('to', 'TO'), ('become', 'VB'), ('a', 'AT'), ('campaign', 'NN'), ('coordinator', 'NN'), ('for', 'IN'), ('Byrd', 'NP'), ('.', '.')]"
"['The', 'Georgia', 'Legislature', 'will', 'wind', 'up', 'its', '1961', 'session', 'Monday', 'and', 'head', 'for', 'home', '--', 'where', 'some', 'of', 'the', 'highway', 'bond', 'money', 'it', 'approved', 'will', 'follow', 'shortly', '.']","[('The', 'AT'), ('Georgia', 'NP'), ('Legislature', 'NN'), ('will', 'MD'), ('wind', 'VB'), ('up', 'RP'), ('its', 'PP'), ('1961', 'CD'), ('session', 'NN'), ('Monday', 'NR'), ('and', 'CC'), ('head', 'VB'), ('for', 'IN'), ('home', 'NR'), ('--', '--'), ('where', 'WR'), ('some', 'DT'), ('of', 'IN'), ('the', 'AT'), ('highway', 'NN'), ('bond', 'NN'), ('money', 'NN'), ('it', 'PP'), ('approved', 'VB'), ('will', 'MD'), ('follow', 'VB'), ('shortly', 'RB'), ('.', '.')]"
"['Before', 'adjournment', 'Monday', 'afternoon', ',', 'the', 'Senate', 'is', 'expected', 'to', 'approve', 'a', 'study', 'of', 'the', 'number', 'of', 'legislators', 'allotted', 'to', 'rural', 'and', 'urban', 'areas', 'to', 'determine', 'what', 'adjustments', 'should', 'be', 'made', '.']","[('Before', 'IN'), ('adjournment', 'NN'), ('Monday', 'NR'), ('afternoon', 'NN'), (',', ','), ('the', 'AT'), ('Senate', 'NN'), ('is', 'BE'), ('expected', 'VB'), ('to', 'TO'), ('approve', 'VB'), ('a', 'AT'), ('study', 'NN'), ('of', 'IN'), ('the', 'AT'), ('number', 'NN'), ('of', 'IN'), ('legislators', 'NN'), ('allotted', 'VB'), ('to', 'IN'), ('rural', 'JJ'), ('and', 'CC'), ('urban', 'JJ'), ('areas', 'NN'), ('to', 'TO'), ('determine', 'VB'), ('what', 'WD'), ('adjustments', 'NN'), ('should', 'MD'), ('be', 'BE'), ('made', 'VB'), ('.', '.')]"
"['Gov.', 'Vandiver', 'is', 'expected', 'to', 'make', 'the', 'traditional', 'visit', 'to', 'both', 'chambers', 'as', 'they', 'work', 'toward', 'adjournment', '.']","[('Gov.', 'NN'), ('Vandiver', 'NP'), ('is', 'BE'), ('expected', 'VB'), ('to', 'TO'), ('make', 'VB'), ('the', 'AT'), ('traditional', 'JJ'), ('visit', 'NN'), ('to', 'IN'), ('both', 'AB'), ('chambers', 'NN'), ('as', 'CS'), ('they', 'PP'), ('work', 'VB'), ('toward', 'IN'), ('adjournment', 'NN'), ('.', '.')]"
"['Vandiver', 'likely', 'will', 'mention', 'the', '$100', 'million', 'highway', 'bond', 'issue', 'approved', 'earlier', 'in', 'the', 'session', 'as', 'his', 'first', 'priority', 'item', '.']","[('Vandiver', 'NP'), ('likely', 'RB'), ('will', 'MD'), ('mention', 'VB'), ('the', 'AT'), ('$100', 'NN'), ('million', 'CD'), ('highway', 'NN'), ('bond', 'NN'), ('issue', 'NN'), ('approved', 'VB'), ('earlier', 'RB'), ('in', 'IN'), ('the', 'AT'), ('session', 'NN'), ('as', 'CS'), ('his', 'PP'), ('first', 'OD'), ('priority', 'NN'), ('item', 'NN'), ('.', '.')]"
"['Construction', 'bonds']","[('Construction', 'NN'), ('bonds', 'NN')]"
"['Meanwhile', ',', 'it', 'was', 'learned', 'the', 'State', 'Highway', 'Department', 'is', 'very', 'near', 'being', 'ready', 'to', 'issue', 'the', 'first', '$30', 'million', 'worth', 'of', 'highway', 'reconstruction', 'bonds', '.']","[('Meanwhile', 'RB'), (',', ','), ('it', 'PP'), ('was', 'BE'), ('learned', 'VB'), ('the', 'AT'), ('State', 'NN'), ('Highway', 'NN'), ('Department', 'NN'), ('is', 'BE'), ('very', 'QL'), ('near', 'RB'), ('being', 'BE'), ('ready', 'JJ'), ('to', 'TO'), ('issue', 'VB'), ('the', 'AT'), ('first', 'OD'), ('$30', 'NN'), ('million', 'CD'), ('worth', 'NN'), ('of', 'IN'), ('highway', 'NN'), ('reconstruction', 'NN'), ('bonds', 'NN'), ('.', '.')]"
"['The', 'bond', 'issue', 'will', 'go', 'to', 'the', 'state', 'courts', 'for', 'a', 'friendly', 'test', 'suit', 'to', 'test', 'the', 'validity', 'of', 'the', 'act', ',', 'and', 'then', 'the', 'sales', 'will', 'begin', 'and', 'contracts', 'let', 'for', 'repair', 'work', 'on', 'some', 'of', ""Georgia's"", 'most', 'heavily', 'traveled', 'highways', '.']","[('The', 'AT'), ('bond', 'NN'), ('issue', 'NN'), ('will', 'MD'), ('go', 'VB'), ('to', 'IN'), ('the', 'AT'), ('state', 'NN'), ('courts', 'NN'), ('for', 'IN'), ('a', 'AT'), ('friendly', 'JJ'), ('test', 'NN'), ('suit', 'NN'), ('to', 'TO'), ('test', 'VB'), ('the', 'AT'), ('validity', 'NN'), ('of', 'IN'), ('the', 'AT'), ('act', 'NN'), (',', ','), ('and', 'CC'), ('then', 'RB'), ('the', 'AT'), ('sales', 'NN'), ('will', 'MD'), ('begin', 'VB'), ('and', 'CC'), ('contracts', 'NN'), ('let', 'VB'), ('for', 'IN'), ('repair', 'NN'), ('work', 'NN'), ('on', 'IN'), ('some', 'DT'), ('of', 'IN'), (""Georgia's"", 'NP'), ('most', 'QL'), ('heavily', 'RB'), ('traveled', 'VB'), ('highways', 'NN'), ('.', '.')]"
"['A', 'Highway', 'Department', 'source', 'said', 'there', 'also', 'is', 'a', 'plan', 'there', 'to', 'issue', 'some', '$3', 'million', 'to', '$4', 'million', 'worth', 'of', 'Rural', 'Roads', 'Authority', 'bonds', 'for', 'rural', 'road', 'construction', 'work', '.']","[('A', 'AT'), ('Highway', 'NN'), ('Department', 'NN'), ('source', 'NN'), ('said', 'VB'), ('there', 'EX'), ('also', 'RB'), ('is', 'BE'), ('a', 'AT'), ('plan', 'NN'), ('there', 'RB'), ('to', 'TO'), ('issue', 'VB'), ('some', 'DT'), ('$3', 'NN'), ('million', 'CD'), ('to', 'IN'), ('$4', 'NN'), ('million', 'CD'), ('worth', 'NN'), ('of', 'IN'), ('Rural', 'JJ'), ('Roads', 'NN'), ('Authority', 'NN'), ('bonds', 'NN'), ('for', 'IN'), ('rural', 'JJ'), ('road', 'NN'), ('construction', 'NN'), ('work', 'NN'), ('.', '.')]"
"['The', 'department', 'apparently', 'intends', 'to', 'make', 'the', 'Rural', 'Roads', 'Authority', 'a', 'revolving', 'fund', 'under', 'which', 'new', 'bonds', 'would', 'be', 'issued', 'every', 'time', 'a', 'portion', 'of', 'the', 'old', 'ones', 'are', 'paid', 'off', 'by', 'tax', 'authorities', '.']","[('The', 'AT'), ('department', 'NN'), ('apparently', 'RB'), ('intends', 'VB'), ('to', 'TO'), ('make', 'VB'), ('the', 'AT'), ('Rural', 'JJ'), ('Roads', 'NN'), ('Authority', 'NN'), ('a', 'AT'), ('revolving', 'VB'), ('fund', 'NN'), ('under', 'IN'), ('which', 'WD'), ('new', 'JJ'), ('bonds', 'NN'), ('would', 'MD'), ('be', 'BE'), ('issued', 'VB'), ('every', 'AT'), ('time', 'NN'), ('a', 'AT'), ('portion', 'NN'), ('of', 'IN'), ('the', 'AT'), ('old', 'JJ'), ('ones', 'NN'), ('are', 'BE'), ('paid', 'VB'), ('off', 'RP'), ('by', 'IN'), ('tax', 'NN'), ('authorities', 'NN'), ('.', '.')]"
"['Vandiver', 'opened', 'his', 'race', 'for', 'governor', 'in', '1958', 'with', 'a', 'battle', 'in', 'the', 'Legislature', 'against', 'the', 'issuance', 'of', '$50', 'million', 'worth', 'of', 'additional', 'rural', 'roads', 'bonds', 'proposed', 'by', 'then', 'Gov.', 'Marvin', 'Griffin', '.']","[('Vandiver', 'NP'), ('opened', 'VB'), ('his', 'PP'), ('race', 'NN'), ('for', 'IN'), ('governor', 'NN'), ('in', 'IN'), ('1958', 'CD'), ('with', 'IN'), ('a', 'AT'), ('battle', 'NN'), ('in', 'IN'), ('the', 'AT'), ('Legislature', 'NN'), ('against', 'IN'), ('the', 'AT'), ('issuance', 'NN'), ('of', 'IN'), ('$50', 'NN'), ('million', 'CD'), ('worth', 'NN'), ('of', 'IN'), ('additional', 'JJ'), ('rural', 'JJ'), ('roads', 'NN'), ('bonds', 'NN'), ('proposed', 'VB'), ('by', 'IN'), ('then', 'RB'), ('Gov.', 'NN'), ('Marvin', 'NP'), ('Griffin', 'NP'), ('.', '.')]"
"['Schley', 'County', 'Rep.', 'B.', 'D.', 'Pelham', 'will', 'offer', 'a', 'resolution', 'Monday', 'in', 'the', 'House', 'to', 'rescind', 'the', ""body's"", 'action', 'of', 'Friday', 'in', 'voting', 'itself', 'a', '$10', 'per', 'day', 'increase', 'in', 'expense', 'allowances', '.']","[('Schley', 'NP'), ('County', 'NN'), ('Rep.', 'NN'), ('B.', 'NP'), ('D.', 'NP'), ('Pelham', 'NP'), ('will', 'MD'), ('offer', 'VB'), ('a', 'AT'), ('resolution', 'NN'), ('Monday', 'NR'), ('in', 'IN'), ('the', 'AT'), ('House', 'NN'), ('to', 'TO'), ('rescind', 'VB'), ('the', 'AT'), (""body's"", 'NN'), ('action', 'NN'), ('of', 'IN'), ('Friday', 'NR'), ('in', 'IN'), ('voting', 'VB'), ('itself', 'PP'), ('a', 'AT'), ('$10', 'NN'), ('per', 'IN'), ('day', 'NN'), ('increase', 'NN'), ('in', 'IN'), ('expense', 'NN'), ('allowances', 'NN'), ('.', '.')]"
"['Pelham', 'said', 'Sunday', 'night', 'there', 'was', 'research', 'being', 'done', 'on', 'whether', 'the', '``', 'quickie', ""''"", 'vote', 'on', 'the', 'increase', 'can', 'be', 'repealed', 'outright', 'or', 'whether', 'notice', 'would', 'have', 'to', 'first', 'be', 'given', 'that', 'reconsideration', 'of', 'the', 'action', 'would', 'be', 'sought', '.']","[('Pelham', 'NP'), ('said', 'VB'), ('Sunday', 'NR'), ('night', 'NN'), ('there', 'EX'), ('was', 'BE'), ('research', 'NN'), ('being', 'BE'), ('done', 'VB'), ('on', 'IN'), ('whether', 'CS'), ('the', 'AT'), ('``', '``'), ('quickie', 'NN'), (""''"", ""''""), ('vote', 'NN'), ('on', 'IN'), ('the', 'AT'), ('increase', 'NN'), ('can', 'MD'), ('be', 'BE'), ('repealed', 'VB'), ('outright', 'RB'), ('or', 'CC'), ('whether', 'CS'), ('notice', 'NN'), ('would', 'MD'), ('have', 'HV'), ('to', 'TO'), ('first', 'RB'), ('be', 'BE'), ('given', 'VB'), ('that', 'CS'), ('reconsideration', 'NN'), ('of', 'IN'), ('the', 'AT'), ('action', 'NN'), ('would', 'MD'), ('be', 'BE'), ('sought', 'VB'), ('.', '.')]"
"['While', 'emphasizing', 'that', 'technical', 'details', 'were', 'not', 'fully', 'worked', 'out', ',', 'Pelham', 'said', 'his', 'resolution', 'would', 'seek', 'to', 'set', 'aside', 'the', 'privilege', 'resolution', 'which', 'the', 'House', 'voted', 'through', '87-31', '.']","[('While', 'CS'), ('emphasizing', 'VB'), ('that', 'CS'), ('technical', 'JJ'), ('details', 'NN'), ('were', 'BE'), ('not', '*'), ('fully', 'RB'), ('worked', 'VB'), ('out', 'RP'), (',', ','), ('Pelham', 'NP'), ('said', 'VB'), ('his', 'PP'), ('resolution', 'NN'), ('would', 'MD'), ('seek', 'VB'), ('to', 'TO'), ('set', 'VB'), ('aside', 'RB'), ('the', 'AT'), ('privilege', 'NN'), ('resolution', 'NN'), ('which', 'WD'), ('the', 'AT'), ('House', 'NN'), ('voted', 'VB'), ('through', 'IN'), ('87-31', 'CD'), ('.', '.')]"
"['A', 'similar', 'resolution', 'passed', 'in', 'the', 'Senate', 'by', 'a', 'vote', 'of', '29-5', '.']","[('A', 'AT'), ('similar', 'JJ'), ('resolution', 'NN'), ('passed', 'VB'), ('in', 'IN'), ('the', 'AT'), ('Senate', 'NN'), ('by', 'IN'), ('a', 'AT'), ('vote', 'NN'), ('of', 'IN'), ('29-5', 'CD'), ('.', '.')]"
"['Pelham', 'pointed', 'out', 'that', 'Georgia', 'voters', 'last', 'November', 'rejected', 'a', 'constitutional', 'amendment', 'to', 'allow', 'legislators', 'to', 'vote', 'on', 'pay', 'raises', 'for', 'future', 'Legislature', 'sessions', '.']","[('Pelham', 'NP'), ('pointed', 'VB'), ('out', 'RP'), ('that', 'CS'), ('Georgia', 'NP'), ('voters', 'NN'), ('last', 'AP'), ('November', 'NP'), ('rejected', 'VB'), ('a', 'AT'), ('constitutional', 'JJ'), ('amendment', 'NN'), ('to', 'TO'), ('allow', 'VB'), ('legislators', 'NN'), ('to', 'TO'), ('vote', 'VB'), ('on', 'IN'), ('pay', 'NN'), ('raises', 'NN'), ('for', 'IN'), ('future', 'JJ'), ('Legislature', 'NN'), ('sessions', 'NN'), ('.', '.')]"
"['A', 'veteran', 'Jackson', 'County', 'legislator', 'will', 'ask', 'the', 'Georgia', 'House', 'Monday', 'to', 'back', 'federal', 'aid', 'to', 'education', ',', 'something', 'it', 'has', 'consistently', 'opposed', 'in', 'the', 'past', '.']","[('A', 'AT'), ('veteran', 'JJ'), ('Jackson', 'NP'), ('County', 'NN'), ('legislator', 'NN'), ('will', 'MD'), ('ask', 'VB'), ('the', 'AT'), ('Georgia', 'NP'), ('House', 'NN'), ('Monday', 'NR'), ('to', 'TO'), ('back', 'VB'), ('federal', 'JJ'), ('aid', 'NN'), ('to', 'IN'), ('education', 'NN'), (',', ','), ('something', 'PN'), ('it', 'PP'), ('has', 'HV'), ('consistently', 'RB'), ('opposed', 'VB'), ('in', 'IN'), ('the', 'AT'), ('past', 'NN'), ('.', '.')]"
"['Rep.', 'Mac', 'Barber', 'of', 'Commerce', 'is', 'asking', 'the', 'House', 'in', 'a', 'privilege', 'resolution', 'to', '``', 'endorse', 'increased', 'federal', 'support', 'for', 'public', 'education', ',', 'provided', 'that', 'such', 'funds', 'be', 'received', 'and', 'expended', ""''"", 'as', 'state', 'funds', '.']","[('Rep.', 'NN'), ('Mac', 'NP'), ('Barber', 'NP'), ('of', 'IN'), ('Commerce', 'NN'), ('is', 'BE'), ('asking', 'VB'), ('the', 'AT'), ('House', 'NN'), ('in', 'IN'), ('a', 'AT'), ('privilege', 'NN'), ('resolution', 'NN'), ('to', 'TO'), ('``', '``'), ('endorse', 'VB'), ('increased', 'VB'), ('federal', 'JJ'), ('support', 'NN'), ('for', 'IN'), ('public', 'JJ'), ('education', 'NN'), (',', ','), ('provided', 'VB'), ('that', 'CS'), ('such', 'JJ'), ('funds', 'NN'), ('be', 'BE'), ('received', 'VB'), ('and', 'CC'), ('expended', 'VB'), (""''"", ""''""), ('as', 'CS'), ('state', 'NN'), ('funds', 'NN'), ('.', '.')]"
"['Barber', ',', 'who', 'is', 'in', 'his', '13th', 'year', 'as', 'a', 'legislator', ',', 'said', 'there', '``', 'are', 'some', 'members', 'of', 'our', 'congressional', 'delegation', 'in', 'Washington', 'who', 'would', 'like', 'to', 'see', 'it', '(', 'the', 'resolution', ')', 'passed', ""''"", '.']","[('Barber', 'NP'), (',', ','), ('who', 'WP'), ('is', 'BE'), ('in', 'IN'), ('his', 'PP'), ('13th', 'OD'), ('year', 'NN'), ('as', 'CS'), ('a', 'AT'), ('legislator', 'NN'), (',', ','), ('said', 'VB'), ('there', 'EX'), ('``', '``'), ('are', 'BE'), ('some', 'DT'), ('members', 'NN'), ('of', 'IN'), ('our', 'PP'), ('congressional', 'JJ'), ('delegation', 'NN'), ('in', 'IN'), ('Washington', 'NP'), ('who', 'WP'), ('would', 'MD'), ('like', 'VB'), ('to', 'TO'), ('see', 'VB'), ('it', 'PP'), ('(', '('), ('the', 'AT'), ('resolution', 'NN'), (')', ')'), ('passed', 'VB'), (""''"", ""''""), ('.', '.')]"
"['But', 'he', 'added', 'that', 'none', 'of', ""Georgia's"", 'congressmen', 'specifically', 'asked', 'him', 'to', 'offer', 'the', 'resolution', '.']","[('But', 'CC'), ('he', 'PP'), ('added', 'VB'), ('that', 'CS'), ('none', 'PN'), ('of', 'IN'), (""Georgia's"", 'NP'), ('congressmen', 'NN'), ('specifically', 'RB'), ('asked', 'VB'), ('him', 'PP'), ('to', 'TO'), ('offer', 'VB'), ('the', 'AT'), ('resolution', 'NN'), ('.', '.')]"
"['The', 'resolution', ',', 'which', 'Barber', 'tossed', 'into', 'the', 'House', 'hopper', 'Friday', ',', 'will', 'be', 'formally', 'read', 'Monday', '.']","[('The', 'AT'), ('resolution', 'NN'), (',', ','), ('which', 'WD'), ('Barber', 'NP'), ('tossed', 'VB'), ('into', 'IN'), ('the', 'AT'), ('House', 'NN'), ('hopper', 'NN'), ('Friday', 'NR'), (',', ','), ('will', 'MD'), ('be', 'BE'), ('formally', 'RB'), ('read', 'VB'), ('Monday', 'NR'), ('.', '.')]"
"['It', 'says', 'that', '``', 'in', 'the', 'event', 'Congress', 'does', 'provide', 'this', 'increase', 'in', 'federal', 'funds', ""''"", ',', 'the', 'State', 'Board', 'of', 'Education', 'should', 'be', 'directed', 'to', '``', 'give', 'priority', ""''"", 'to', 'teacher', 'pay', 'raises', '.']","[('It', 'PP'), ('says', 'VB'), ('that', 'CS'), ('``', '``'), ('in', 'IN'), ('the', 'AT'), ('event', 'NN'), ('Congress', 'NP'), ('does', 'DO'), ('provide', 'VB'), ('this', 'DT'), ('increase', 'NN'), ('in', 'IN'), ('federal', 'JJ'), ('funds', 'NN'), (""''"", ""''""), (',', ','), ('the', 'AT'), ('State', 'NN'), ('Board', 'NN'), ('of', 'IN'), ('Education', 'NN'), ('should', 'MD'), ('be', 'BE'), ('directed', 'VB'), ('to', 'TO'), ('``', '``'), ('give', 'VB'), ('priority', 'NN'), (""''"", ""''""), ('to', 'IN'), ('teacher', 'NN'), ('pay', 'NN'), ('raises', 'NN'), ('.', '.')]"
"['--', 'After', 'a', 'long', ',', 'hot', 'controversy', ',', 'Miller', 'County', 'has', 'a', 'new', 'school', 'superintendent', ',', 'elected', ',', 'as', 'a', 'policeman', 'put', 'it', ',', 'in', 'the', '``', 'coolest', 'election', 'I', 'ever', 'saw', 'in', 'this', 'county', ""''"", '.']","[('--', '--'), ('After', 'IN'), ('a', 'AT'), ('long', 'JJ'), (',', ','), ('hot', 'JJ'), ('controversy', 'NN'), (',', ','), ('Miller', 'NP'), ('County', 'NN'), ('has', 'HV'), ('a', 'AT'), ('new', 'JJ'), ('school', 'NN'), ('superintendent', 'NN'), (',', ','), ('elected', 'VB'), (',', ','), ('as', 'CS'), ('a', 'AT'), ('policeman', 'NN'), ('put', 'VB'), ('it', 'PP'), (',', ','), ('in', 'IN'), ('the', 'AT'), ('``', '``'), ('coolest', 'JJ'), ('election', 'NN'), ('I', 'PP'), ('ever', 'RB'), ('saw', 'VB'), ('in', 'IN'), ('this', 'DT'), ('county', 'NN'), (""''"", ""''""), ('.', '.')]"
"['The', 'new', 'school', 'superintendent', 'is', 'Harry', 'Davis', ',', 'a', 'veteran', 'agriculture', 'teacher', ',', 'who', 'defeated', 'Felix', 'Bush', ',', 'a', 'school', 'principal', 'and', 'chairman', 'of', 'the', 'Miller', 'County', 'Democratic', 'Executive', 'Committee', '.']","[('The', 'AT'), ('new', 'JJ'), ('school', 'NN'), ('superintendent', 'NN'), ('is', 'BE'), ('Harry', 'NP'), ('Davis', 'NP'), (',', ','), ('a', 'AT'), ('veteran', 'JJ'), ('agriculture', 'NN'), ('teacher', 'NN'), (',', ','), ('who', 'WP'), ('defeated', 'VB'), ('Felix', 'NP'), ('Bush', 'NP'), (',', ','), ('a', 'AT'), ('school', 'NN'), ('principal', 'NN'), ('and', 'CC'), ('chairman', 'NN'), ('of', 'IN'), ('the', 'AT'), ('Miller', 'NP'), ('County', 'NN'), ('Democratic', 'JJ'), ('Executive', 'JJ'), ('Committee', 'NN'), ('.', '.')]"
"['Davis', 'received', '1,119', 'votes', 'in', ""Saturday's"", 'election', ',', 'and', 'Bush', 'got', '402', '.']","[('Davis', 'NP'), ('received', 'VB'), ('1,119', 'CD'), ('votes', 'NN'), ('in', 'IN'), (""Saturday's"", 'NR'), ('election', 'NN'), (',', ','), ('and', 'CC'), ('Bush', 'NP'), ('got', 'VB'), ('402', 'CD'), ('.', '.')]"
"['Ordinary', 'Carey', 'Williams', ',', 'armed', 'with', 'a', 'pistol', ',', 'stood', 'by', 'at', 'the', 'polls', 'to', 'insure', 'order', '.']","[('Ordinary', 'NN'), ('Carey', 'NP'), ('Williams', 'NP'), (',', ','), ('armed', 'VB'), ('with', 'IN'), ('a', 'AT'), ('pistol', 'NN'), (',', ','), ('stood', 'VB'), ('by', 'IN'), ('at', 'IN'), ('the', 'AT'), ('polls', 'NN'), ('to', 'TO'), ('insure', 'VB'), ('order', 'NN'), ('.', '.')]"
"['``', 'This', 'was', 'the', 'coolest', ',', 'calmest', 'election', 'I', 'ever', 'saw', ""''"", ',', 'Colquitt', 'Policeman', 'Tom', 'Williams', 'said', '.']","[('``', '``'), ('This', 'DT'), ('was', 'BE'), ('the', 'AT'), ('coolest', 'JJ'), (',', ','), ('calmest', 'JJ'), ('election', 'NN'), ('I', 'PP'), ('ever', 'RB'), ('saw', 'VB'), (""''"", ""''""), (',', ','), ('Colquitt', 'NP'), ('Policeman', 'NN'), ('Tom', 'NP'), ('Williams', 'NP'), ('said', 'VB'), ('.', '.')]"
"['``', 'Being', 'at', 'the', 'polls', 'was', 'just', 'like', 'being', 'at', 'church', '.']","[('``', '``'), ('Being', 'BE'), ('at', 'IN'), ('the', 'AT'), ('polls', 'NN'), ('was', 'BE'), ('just', 'RB'), ('like', 'CS'), ('being', 'BE'), ('at', 'IN'), ('church', 'NN'), ('.', '.')]"
"['I', ""didn't"", 'smell', 'a', 'drop', 'of', 'liquor', ',', 'and', 'we', ""didn't"", 'have', 'a', 'bit', 'of', 'trouble', ""''"", '.']","[('I', 'PP'), (""didn't"", 'DO'), ('smell', 'VB'), ('a', 'AT'), ('drop', 'NN'), ('of', 'IN'), ('liquor', 'NN'), (',', ','), ('and', 'CC'), ('we', 'PP'), (""didn't"", 'DO'), ('have', 'HV'), ('a', 'AT'), ('bit', 'NN'), ('of', 'IN'), ('trouble', 'NN'), (""''"", ""''""), ('.', '.')]"
"['The', 'campaign', 'leading', 'to', 'the', 'election', 'was', 'not', 'so', 'quiet', ',', 'however', '.']","[('The', 'AT'), ('campaign', 'NN'), ('leading', 'VB'), ('to', 'IN'), ('the', 'AT'), ('election', 'NN'), ('was', 'BE'), ('not', '*'), ('so', 'QL'), ('quiet', 'JJ'), (',', ','), ('however', 'WR'), ('.', '.')]"
"['It', 'was', 'marked', 'by', 'controversy', ',', 'anonymous', 'midnight', 'phone', 'calls', 'and', 'veiled', 'threats', 'of', 'violence', '.']","[('It', 'PP'), ('was', 'BE'), ('marked', 'VB'), ('by', 'IN'), ('controversy', 'NN'), (',', ','), ('anonymous', 'JJ'), ('midnight', 'NN'), ('phone', 'NN'), ('calls', 'NN'), ('and', 'CC'), ('veiled', 'VB'), ('threats', 'NN'), ('of', 'IN'), ('violence', 'NN'), ('.', '.')]"
"['The', 'former', 'county', 'school', 'superintendent', ',', 'George', 'P.', 'Callan', ',', 'shot', 'himself', 'to', 'death', 'March', '18', ',', 'four', 'days', 'after', 'he', 'resigned', 'his', 'post', 'in', 'a', 'dispute', 'with', 'the', 'county', 'school', 'board', '.']","[('The', 'AT'), ('former', 'AP'), ('county', 'NN'), ('school', 'NN'), ('superintendent', 'NN'), (',', ','), ('George', 'NP'), ('P.', 'NP'), ('Callan', 'NP'), (',', ','), ('shot', 'VB'), ('himself', 'PP'), ('to', 'IN'), ('death', 'NN'), ('March', 'NP'), ('18', 'CD'), (',', ','), ('four', 'CD'), ('days', 'NN'), ('after', 'CS'), ('he', 'PP'), ('resigned', 'VB'), ('his', 'PP'), ('post', 'NN'), ('in', 'IN'), ('a', 'AT'), ('dispute', 'NN'), ('with', 'IN'), ('the', 'AT'), ('county', 'NN'), ('school', 'NN'), ('board', 'NN'), ('.', '.')]"
"['Ordinary', 'Williams', 'said', 'he', ',', 'too', ',', 'was', 'subjected', 'to', 'anonymous', 'calls', 'soon', 'after', 'he', 'scheduled', 'the', 'election', '.']","[('Ordinary', 'NN'), ('Williams', 'NP'), ('said', 'VB'), ('he', 'PP'), (',', ','), ('too', 'RB'), (',', ','), ('was', 'BE'), ('subjected', 'VB'), ('to', 'IN'), ('anonymous', 'JJ'), ('calls', 'NN'), ('soon', 'RB'), ('after', 'CS'), ('he', 'PP'), ('scheduled', 'VB'), ('the', 'AT'), ('election', 'NN'), ('.', '.')]"
"['Many', 'local', 'citizens', 'feared', 'that', 'there', 'would', 'be', 'irregularities', 'at', 'the', 'polls', ',', 'and', 'Williams', 'got', 'himself', 'a', 'permit', 'to', 'carry', 'a', 'gun', 'and', 'promised', 'an', 'orderly', 'election', '.']","[('Many', 'AP'), ('local', 'JJ'), ('citizens', 'NN'), ('feared', 'VB'), ('that', 'CS'), ('there', 'EX'), ('would', 'MD'), ('be', 'BE'), ('irregularities', 'NN'), ('at', 'IN'), ('the', 'AT'), ('polls', 'NN'), (',', ','), ('and', 'CC'), ('Williams', 'NP'), ('got', 'VB'), ('himself', 'PP'), ('a', 'AT'), ('permit', 'NN'), ('to', 'TO'), ('carry', 'VB'), ('a', 'AT'), ('gun', 'NN'), ('and', 'CC'), ('promised', 'VB'), ('an', 'AT'), ('orderly', 'JJ'), ('election', 'NN'), ('.', '.')]"
"['Sheriff', 'Felix', 'Tabb', 'said', 'the', 'ordinary', 'apparently', 'made', 'good', 'his', 'promise', '.']","[('Sheriff', 'NN'), ('Felix', 'NP'), ('Tabb', 'NP'), ('said', 'VB'), ('the', 'AT'), ('ordinary', 'NN'), ('apparently', 'RB'), ('made', 'VB'), ('good', 'JJ'), ('his', 'PP'), ('promise', 'NN'), ('.', '.')]"
"['``', 'Everything', 'went', 'real', 'smooth', ""''"", ',', 'the', 'sheriff', 'said', '.']","[('``', '``'), ('Everything', 'PN'), ('went', 'VB'), ('real', 'QL'), ('smooth', 'JJ'), (""''"", ""''""), (',', ','), ('the', 'AT'), ('sheriff', 'NN'), ('said', 'VB'), ('.', '.')]"
"['``', 'There', ""wasn't"", 'a', 'bit', 'of', 'trouble', ""''"", '.']","[('``', '``'), ('There', 'EX'), (""wasn't"", 'BE'), ('a', 'AT'), ('bit', 'NN'), ('of', 'IN'), ('trouble', 'NN'), (""''"", ""''""), ('.', '.')]"
"['Austin', ',', 'Texas']","[('Austin', 'NP'), (',', ',-'), ('Texas', 'NP')]"
"['--', 'Committee', 'approval', 'of', 'Gov.', 'Price', ""Daniel's"", '``', 'abandoned', 'property', ""''"", 'act', 'seemed', 'certain', 'Thursday', 'despite', 'the', 'adamant', 'protests', 'of', 'Texas', 'bankers', '.']","[('--', '--'), ('Committee', 'NN'), ('approval', 'NN'), ('of', 'IN'), ('Gov.', 'NN'), ('Price', 'NP'), (""Daniel's"", 'NP'), ('``', '``'), ('abandoned', 'VB'), ('property', 'NN'), (""''"", ""''""), ('act', 'NN'), ('seemed', 'VB'), ('certain', 'JJ'), ('Thursday', 'NR'), ('despite', 'IN'), ('the', 'AT'), ('adamant', 'JJ'), ('protests', 'NN'), ('of', 'IN'), ('Texas', 'NP'), ('bankers', 'NN'), ('.', '.')]"
"['Under', 'committee', 'rules', ',', 'it', 'went', 'automatically', 'to', 'a', 'subcommittee', 'for', 'one', 'week', '.']","[('Under', 'IN'), ('committee', 'NN'), ('rules', 'NN'), (',', ','), ('it', 'PP'), ('went', 'VB'), ('automatically', 'RB'), ('to', 'IN'), ('a', 'AT'), ('subcommittee', 'NN'), ('for', 'IN'), ('one', 'CD'), ('week', 'NN'), ('.', '.')]"
"['But', 'questions', 'with', 'which', 'committee', 'members', 'taunted', 'bankers', 'appearing', 'as', 'witnesses', 'left', 'little', 'doubt', 'that', 'they', 'will', 'recommend', 'passage', 'of', 'it', '.']","[('But', 'CC'), ('questions', 'NN'), ('with', 'IN'), ('which', 'WD'), ('committee', 'NN'), ('members', 'NN'), ('taunted', 'VB'), ('bankers', 'NN'), ('appearing', 'VB'), ('as', 'CS'), ('witnesses', 'NN'), ('left', 'VB'), ('little', 'AP'), ('doubt', 'NN'), ('that', 'CS'), ('they', 'PP'), ('will', 'MD'), ('recommend', 'VB'), ('passage', 'NN'), ('of', 'IN'), ('it', 'PP'), ('.', '.')]"
"['Daniel', 'termed', '``', 'extremely', 'conservative', ""''"", 'his', 'estimate', 'that', 'it', 'would', 'produce', '17', 'million', 'dollars', 'to', 'help', 'erase', 'an', 'anticipated', 'deficit', 'of', '63', 'million', 'dollars', 'at', 'the', 'end', 'of', 'the', 'current', 'fiscal', 'year', 'next', 'Aug.', '31', '.']","[('Daniel', 'NP'), ('termed', 'VB'), ('``', '``'), ('extremely', 'RB'), ('conservative', 'JJ'), (""''"", ""''""), ('his', 'PP'), ('estimate', 'NN'), ('that', 'CS'), ('it', 'PP'), ('would', 'MD'), ('produce', 'VB'), ('17', 'CD'), ('million', 'CD'), ('dollars', 'NN'), ('to', 'TO'), ('help', 'VB'), ('erase', 'VB'), ('an', 'AT'), ('anticipated', 'VB'), ('deficit', 'NN'), ('of', 'IN'), ('63', 'CD'), ('million', 'CD'), ('dollars', 'NN'), ('at', 'IN'), ('the', 'AT'), ('end', 'NN'), ('of', 'IN'), ('the', 'AT'), ('current', 'JJ'), ('fiscal', 'JJ'), ('year', 'NN'), ('next', 'AP'), ('Aug.', 'NP'), ('31', 'CD'), ('.', '.')]"
"['He', 'told', 'the', 'committee', 'the', 'measure', 'would', 'merely', 'provide', 'means', 'of', 'enforcing', 'the', 'escheat', 'law', 'which', 'has', 'been', 'on', 'the', 'books', '``', 'since', 'Texas', 'was', 'a', 'republic', ""''"", '.']","[('He', 'PP'), ('told', 'VB'), ('the', 'AT'), ('committee', 'NN'), ('the', 'AT'), ('measure', 'NN'), ('would', 'MD'), ('merely', 'RB'), ('provide', 'VB'), ('means', 'NN'), ('of', 'IN'), ('enforcing', 'VB'), ('the', 'AT'), ('escheat', 'NN'), ('law', 'NN'), ('which', 'WD'), ('has', 'HV'), ('been', 'BE'), ('on', 'IN'), ('the', 'AT'), ('books', 'NN'), ('``', '``'), ('since', 'IN'), ('Texas', 'NP'), ('was', 'BE'), ('a', 'AT'), ('republic', 'NN'), (""''"", ""''""), ('.', '.')]"
"['It', 'permits', 'the', 'state', 'to', 'take', 'over', 'bank', 'accounts', ',', 'stocks', 'and', 'other', 'personal', 'property', 'of', 'persons', 'missing', 'for', 'seven', 'years', 'or', 'more', '.']","[('It', 'PP'), ('permits', 'VB'), ('the', 'AT'), ('state', 'NN'), ('to', 'TO'), ('take', 'VB'), ('over', 'RP'), ('bank', 'NN'), ('accounts', 'NN'), (',', ','), ('stocks', 'NN'), ('and', 'CC'), ('other', 'AP'), ('personal', 'JJ'), ('property', 'NN'), ('of', 'IN'), ('persons', 'NN'), ('missing', 'VB'), ('for', 'IN'), ('seven', 'CD'), ('years', 'NN'), ('or', 'CC'), ('more', 'AP'), ('.', '.')]"
"['The', 'bill', ',', 'which', 'Daniel', 'said', 'he', 'drafted', 'personally', ',', 'would', 'force', 'banks', ',', 'insurance', 'firms', ',', 'pipeline', 'companies', 'and', 'other', 'corporations', 'to', 'report', 'such', 'property', 'to', 'the', 'state', 'treasurer', '.']","[('The', 'AT'), ('bill', 'NN'), (',', ','), ('which', 'WD'), ('Daniel', 'NP'), ('said', 'VB'), ('he', 'PP'), ('drafted', 'VB'), ('personally', 'RB'), (',', ','), ('would', 'MD'), ('force', 'VB'), ('banks', 'NN'), (',', ','), ('insurance', 'NN'), ('firms', 'NN'), (',', ','), ('pipeline', 'NN'), ('companies', 'NN'), ('and', 'CC'), ('other', 'AP'), ('corporations', 'NN'), ('to', 'TO'), ('report', 'VB'), ('such', 'JJ'), ('property', 'NN'), ('to', 'IN'), ('the', 'AT'), ('state', 'NN'), ('treasurer', 'NN'), ('.', '.')]"
"['The', 'escheat', 'law', 'cannot', 'be', 'enforced', 'now', 'because', 'it', 'is', 'almost', 'impossible', 'to', 'locate', 'such', 'property', ',', 'Daniel', 'declared', '.']","[('The', 'AT'), ('escheat', 'NN'), ('law', 'NN'), ('cannot', 'MD'), ('be', 'BE'), ('enforced', 'VB'), ('now', 'RB'), ('because', 'CS'), ('it', 'PP'), ('is', 'BE'), ('almost', 'RB'), ('impossible', 'JJ'), ('to', 'TO'), ('locate', 'VB'), ('such', 'JJ'), ('property', 'NN'), (',', ','), ('Daniel', 'NP'), ('declared', 'VB'), ('.', '.')]"
"['Dewey', 'Lawrence', ',', 'a', 'Tyler', 'lawyer', 'representing', 'the', 'Texas', 'Bankers', 'Association', ',', 'sounded', 'the', 'opposition', 'keynote', 'when', 'he', 'said', 'it', 'would', 'force', 'banks', 'to', 'violate', 'their', 'contractual', 'obligations', 'with', 'depositors', 'and', 'undermine', 'the', 'confidence', 'of', 'bank', 'customers', '.']","[('Dewey', 'NP'), ('Lawrence', 'NP'), (',', ','), ('a', 'AT'), ('Tyler', 'NP'), ('lawyer', 'NN'), ('representing', 'VB'), ('the', 'AT'), ('Texas', 'NP'), ('Bankers', 'NN'), ('Association', 'NN'), (',', ','), ('sounded', 'VB'), ('the', 'AT'), ('opposition', 'NN'), ('keynote', 'NN'), ('when', 'WR'), ('he', 'PP'), ('said', 'VB'), ('it', 'PP'), ('would', 'MD'), ('force', 'VB'), ('banks', 'NN'), ('to', 'TO'), ('violate', 'VB'), ('their', 'PP'), ('contractual', 'JJ'), ('obligations', 'NN'), ('with', 'IN'), ('depositors', 'NN'), ('and', 'CC'), ('undermine', 'VB'), ('the', 'AT'), ('confidence', 'NN'), ('of', 'IN'), ('bank', 'NN'), ('customers', 'NN'), ('.', '.')]"
"['``', 'If', 'you', 'destroy', 'confidence', 'in', 'banks', ',', 'you', 'do', 'something', 'to', 'the', 'economy', ""''"", ',', 'he', 'said', '.']","[('``', '``'), ('If', 'CS'), ('you', 'PP'), ('destroy', 'VB'), ('confidence', 'NN'), ('in', 'IN'), ('banks', 'NN'), (',', ','), ('you', 'PP'), ('do', 'DO'), ('something', 'PN'), ('to', 'IN'), ('the', 'AT'), ('economy', 'NN'), (""''"", ""''""), (',', ','), ('he', 'PP'), ('said', 'VB'), ('.', '.')]"
"['``', 'You', 'take', 'out', 'of', 'circulation', 'many', 'millions', 'of', 'dollars', ""''"", '.']","[('``', '``'), ('You', 'PP'), ('take', 'VB'), ('out', 'RP'), ('of', 'IN'), ('circulation', 'NN'), ('many', 'AP'), ('millions', 'NN'), ('of', 'IN'), ('dollars', 'NN'), (""''"", ""''""), ('.', '.')]"
